,Day,Month,Year,Rented.Bike.Count,Hour,TemperatureC,Humidity,Wind.speed.ms,Visibility.10m,Dew.point.temperature.C,Solar.Radiation..MJ.m2.,Rainfallmm,Snowfall.cm,Seasons,Holiday
8617,25,11,2018,420,0,2.7,86,1.2,422,0.5,0,0,3,Autumn,No Holiday
677,29,12,2017,85,4,0.6,65,0.4,712,-5.2,0,0,0,Winter,No Holiday
7812,22,10,2018,941,11,16.7,37,0.7,1074,1.9,1.74,0,0,Autumn,No Holiday
7668,16,10,2018,914,11,16.5,39,0.7,1351,2.4,1.68,0,0,Autumn,No Holiday
7588,13,10,2018,374,3,7.6,78,0.7,1614,4,0,0,0,Autumn,No Holiday
2778,26,3,2018,925,17,17.1,31,3.3,1075,-0.1,1.33,0,0,Spring,No Holiday
603,26,12,2017,85,2,-2.1,69,1,1995,-7,0,0,0,Winter,No Holiday
6578,1,9,2018,975,1,22.7,83,0.1,1940,19.6,0,0,0,Autumn,No Holiday
1549,3,2,2018,192,12,-6,38,3.4,1930,-18,2.04,0,0,Winter,No Holiday
8613,24,11,2018,349,20,2.6,86,1.7,676,0.4,0,0,3.3,Autumn,No Holiday
4134,22,5,2018,182,5,15.7,0,0.6,1610,10.6,0,0,0,Spring,Holiday
7036,20,9,2018,294,3,19.6,72,1.7,1140,14.4,0,0,0,Autumn,No Holiday
5187,5,7,2018,568,2,23.6,80,1.5,879,19.9,0,0,0,Summer,No Holiday
7580,12,10,2018,1804,19,12.9,50,1.4,2000,2.7,0,0,0,Autumn,No Holiday
4762,17,6,2018,944,9,22.5,66,1.2,605,15.8,0.97,0,0,Summer,No Holiday
6757,8,9,2018,1273,12,25.2,36,2.4,1995,9,2.93,0,0,Autumn,No Holiday
6262,18,8,2018,1886,21,26.8,48,0.9,2000,14.8,0,0,0,Summer,No Holiday
6363,23,8,2018,492,2,29.8,53,1.4,2000,19.1,0,0,0,Summer,No Holiday
6813,10,9,2018,2240,20,23.4,48,1.8,2000,11.7,0,0,0,Autumn,No Holiday
3172,12,4,2018,182,3,7.8,49,1.4,1972,-2.2,0,0,0,Spring,No Holiday
1648,7,2,2018,221,15,-2.1,20,2.3,1961,-22.1,1.87,0,0,Winter,No Holiday
4561,9,6,2018,1247,0,19.7,83,1.5,390,16.7,0,0,0,Summer,No Holiday
2026,23,2,2018,214,9,0.5,94,0.6,199,-0.3,0.37,0,3.7,Winter,No Holiday
7514,10,10,2018,144,1,16.6,57,1.5,2000,8,0,0,0,Autumn,No Holiday
985,11,1,2018,98,0,-10.3,54,2.4,1988,-17.8,0,0,0,Winter,No Holiday
5863,2,8,2018,578,6,30.4,54,1.3,2000,20,0.01,0,0,Summer,No Holiday
4871,21,6,2018,2179,22,22.8,67,2.1,1042,16.3,0,0,0,Summer,No Holiday
8745,30,11,2018,1527,8,-1.5,68,1.1,1286,-6.6,0.02,0,0,Autumn,No Holiday
2391,10,3,2018,906,14,9.2,38,2.6,1377,-4.4,2.53,0,0,Spring,No Holiday
4323,30,5,2018,422,2,18.7,83,0.6,469,15.7,0,0,0,Spring,No Holiday
6609,2,9,2018,576,8,21.3,57,1.3,2000,12.4,0.81,0,0,Autumn,No Holiday
5469,16,7,2018,2362,20,29.3,58,2.4,2000,20.1,0.09,0,0,Summer,No Holiday
7486,8,10,2018,1788,21,15.1,48,2.6,2000,4.1,0,0,0,Autumn,No Holiday
5496,17,7,2018,1340,23,26.6,76,1.6,936,22,0,0,0,Summer,No Holiday
4885,22,6,2018,1116,12,29.8,28,1.3,1777,9.3,3.21,0,0,Summer,No Holiday
955,9,1,2018,558,18,-3.8,58,1.7,1996,-10.8,0.01,0,0,Winter,No Holiday
292,13,12,2017,79,3,-10.9,55,1.8,1913,-18.1,0,0,0,Winter,No Holiday
1986,21,2,2018,469,17,3.1,14,3.7,2000,-21.9,1,0,0,Winter,No Holiday
907,7,1,2018,270,18,1.8,34,1.2,1518,-12.4,0,0,0,Winter,No Holiday
7140,24,9,2018,588,11,19.4,31,4.1,1966,1.8,2.55,0,0,Autumn,Holiday
6941,16,9,2018,188,4,22.5,89,0.7,444,20.5,0,0.3,0,Autumn,No Holiday
4473,5,6,2018,2322,8,21.5,58,1.1,1021,12.8,1.21,0,0,Summer,No Holiday
5102,1,7,2018,30,13,21.2,97,1.1,760,20.6,0.2,3.5,0,Summer,No Holiday
6170,15,8,2018,850,1,29.6,69,0.4,1942,23.3,0,0,0,Summer,Holiday
4703,14,6,2018,1737,22,21.8,72,1,1952,16.5,0,0,0,Summer,No Holiday
224,10,12,2017,20,7,-0.4,92,1.1,121,-1.5,0,0,4,Winter,No Holiday
840,4,1,2018,221,23,-4,48,1.5,1536,-13.4,0,0,0,Winter,No Holiday
8501,20,11,2018,119,4,1.3,48,0.5,2000,-8.5,0,0,0,Autumn,No Holiday
8630,25,11,2018,675,13,8.8,53,1.5,778,-0.2,1.43,0,1.8,Autumn,No Holiday
2964,3,4,2018,696,11,19,67,1.9,1062,12.7,0.52,0,0,Spring,No Holiday
2509,15,3,2018,204,12,13.3,97,2.9,771,12.8,0.19,2,0,Spring,No Holiday
4848,20,6,2018,1401,23,20.1,82,3.6,494,16.9,0,0,0,Summer,No Holiday
5996,7,8,2018,1898,19,32.9,56,2.6,1944,22.9,0.4,0,0,Summer,No Holiday
2649,21,3,2018,1097,8,1.6,42,1.8,2000,-9.9,0.13,0,0,Spring,No Holiday
7568,12,10,2018,1142,7,5.3,73,0.7,2000,0.8,0.01,0,0,Autumn,No Holiday
7626,14,10,2018,1990,17,18.2,43,2.3,1925,5.4,0.68,0,0,Autumn,No Holiday
6590,1,9,2018,1303,13,29.4,48,1.9,1942,17.2,2.88,0,0,Autumn,No Holiday
2609,19,3,2018,271,16,8.9,63,3,1614,2.2,0.28,0,0,Spring,No Holiday
612,26,12,2017,250,11,-2.1,28,4.9,1887,-18.2,0.87,0,0,Winter,No Holiday
5233,7,7,2018,1191,0,21.5,56,1.8,2000,12.3,0,0,0,Summer,No Holiday
6744,7,9,2018,1363,23,19.4,50,2.8,2000,8.6,0,0,0,Autumn,No Holiday
6502,28,8,2018,122,21,22.9,98,2.1,1146,22.5,0,29.5,0,Summer,No Holiday
2562,17,3,2018,1272,17,12.1,34,2.5,1240,-3.3,0.81,0,0,Spring,No Holiday
8504,20,11,2018,934,7,0.5,53,1.1,2000,-7.9,0,0,0,Autumn,No Holiday
1836,15,2,2018,170,11,0.1,22,2,2000,-19.1,1.84,0,0,Winter,Holiday
4184,24,5,2018,1390,7,12.5,61,1.3,1818,5.1,0.42,0,0,Spring,No Holiday
4163,23,5,2018,871,10,17.9,56,3.3,1919,8.9,2.63,0,0,Spring,No Holiday
5258,8,7,2018,946,1,19.9,52,1.6,2000,9.7,0,0,0,Summer,No Holiday
1218,20,1,2018,377,17,5.7,53,1.8,276,-3.1,0.22,0,0,Winter,No Holiday
332,14,12,2017,410,19,-4.2,40,0.9,1216,-15.8,0,0,0,Winter,No Holiday
3286,16,4,2018,1355,21,11.1,39,1.5,1734,-2.3,0,0,0,Spring,No Holiday
6636,3,9,2018,443,11,23.7,86,0.6,1798,21.2,0.31,0,0,Autumn,No Holiday
8056,1,11,2018,1094,15,14.8,30,2.7,1990,-2.6,1.71,0,0,Autumn,No Holiday
4999,27,6,2018,417,6,19.2,97,1.5,157,18.7,0,0,0,Summer,No Holiday
1565,4,2,2018,35,4,-11.2,47,2.3,2000,-20.3,0,0,0,Winter,No Holiday
533,23,12,2017,120,4,5.3,79,0.9,506,1.9,0,0,0,Winter,No Holiday
456,19,12,2017,149,23,-5.8,57,1.7,2000,-12.9,0,0,2,Winter,No Holiday
7970,29,10,2018,326,1,5.1,83,1.1,1989,2.4,0,0,0,Autumn,No Holiday
4648,12,6,2018,1427,15,26.2,42,2.7,1977,12.2,1.59,0,0,Summer,No Holiday
1232,21,1,2018,61,7,-3.2,54,1.2,1113,-11.2,0,0,0,Winter,No Holiday
7783,21,10,2018,172,6,7.6,75,0.6,1181,3.4,0,0,0,Autumn,No Holiday
5037,28,6,2018,1039,20,21,96,0.1,1431,20.3,0.02,0,0,Summer,No Holiday
3211,13,4,2018,2404,18,17.5,18,1.3,2000,-7.1,0.23,0,0,Spring,No Holiday
6404,24,8,2018,948,19,23.6,86,3,1275,21.1,0.04,0,0,Summer,No Holiday
1699,9,2,2018,659,18,4.1,40,2.1,1327,-8.3,0.1,0,0,Winter,No Holiday
7472,8,10,2018,1206,7,9.2,72,1,2000,4.4,0.01,0,0,Autumn,No Holiday
8158,5,11,2018,1289,21,12.2,79,1.8,351,8.6,0,0,0,Autumn,No Holiday
4695,14,6,2018,1153,14,23.8,62,1.2,1282,16,1.91,0,0,Summer,No Holiday
1304,24,1,2018,164,7,-15.9,30,3,2000,-29.5,0,0,0.9,Winter,No Holiday
3712,4,5,2018,1323,15,19.9,26,3.8,1898,-0.1,3,0,0,Spring,No Holiday
999,11,1,2018,187,14,-7.4,38,3.3,1718,-19.3,1.15,0,0,Winter,No Holiday
448,19,12,2017,195,15,-1.3,26,3,2000,-18.3,0.91,0,2.1,Winter,No Holiday
2635,20,3,2018,1111,18,4.1,43,3.5,2000,-7.3,0.21,0,0,Spring,No Holiday
7623,14,10,2018,1767,14,18.9,31,2.6,1936,1.3,2.37,0,0,Autumn,No Holiday
1879,17,2,2018,39,6,-6.2,32,2.5,2000,-20.2,0,0,0,Winter,Holiday
8064,1,11,2018,806,23,7.8,63,0.4,1547,1.1,0,0,0,Autumn,No Holiday
4840,20,6,2018,1266,15,27.9,45,3.6,1558,14.8,3.04,0,0,Summer,No Holiday
7360,3,10,2018,2200,15,24.1,34,2,1996,7.2,2.14,0,0,Autumn,Holiday
5420,14,7,2018,1797,19,30.4,59,2.4,1972,21.4,0.69,0,0,Summer,No Holiday
4348,31,5,2018,328,3,15,84,1.3,473,12.3,0,0,0,Spring,No Holiday
808,3,1,2018,286,15,-1.1,29,2.8,1976,-16.9,0.96,0,0,Winter,No Holiday
333,14,12,2017,277,20,-4.8,43,1.1,1397,-15.4,0,0,0,Winter,No Holiday
6512,29,8,2018,862,7,25,85,3,2000,22.2,0.02,0,0,Summer,No Holiday
1313,24,1,2018,124,16,-11.2,30,4.7,2000,-25.3,0.77,0,0.7,Winter,No Holiday
2176,1,3,2018,458,15,1.6,35,4.5,1567,-12.2,2.54,0,0,Spring,Holiday
8629,25,11,2018,700,12,6.9,59,0.9,669,-0.5,1.31,0,2.2,Autumn,No Holiday
8540,21,11,2018,1113,19,5.1,50,0.7,2000,-4.4,0,0,0,Autumn,No Holiday
1220,20,1,2018,223,19,3.5,66,1.7,187,-2.2,0,0,0,Winter,No Holiday
5720,27,7,2018,1111,7,27.6,80,1,783,23.8,0.27,0,0,Summer,No Holiday
1123,16,1,2018,592,18,4.9,59,1.4,427,-2.4,0,0,0,Winter,No Holiday
704,30,12,2017,88,7,-0.7,79,0.7,259,-3.8,0,0,0,Winter,No Holiday
2966,3,4,2018,870,13,20.1,61,2.6,1117,12.3,1.01,0,0,Spring,No Holiday
1884,17,2,2018,155,11,-2.8,19,2.6,1957,-23.2,1.91,0,0,Winter,Holiday
3035,6,4,2018,529,10,8,73,2.8,1641,3.4,1.44,0,0,Spring,No Holiday
1642,7,2,2018,237,9,-12,50,1.3,1523,-20.3,0.43,0,0,Winter,No Holiday
938,9,1,2018,107,1,-1.9,69,5,791,-6.8,0,0,1,Winter,No Holiday
5087,30,6,2018,1107,22,23.4,88,0.9,1153,21.2,0,0,0,Summer,No Holiday
6405,24,8,2018,1162,20,23.5,81,3.5,2000,20,0,0,0,Summer,No Holiday
7349,3,10,2018,284,4,12.1,80,1.2,1834,8.7,0,0,0,Autumn,Holiday
7904,26,10,2018,556,7,12.6,63,0.8,1265,5.7,0,0,0,Autumn,No Holiday
2775,26,3,2018,575,14,17.4,39,2.9,520,3.2,2.7,0,0,Spring,No Holiday
7859,24,10,2018,811,10,13,63,0.9,854,6.1,1.5,0,0,Autumn,No Holiday
326,14,12,2017,282,13,-3.8,32,0.9,1827,-18.1,0.52,0,0,Winter,No Holiday
3765,6,5,2018,1526,20,17.6,77,1.2,2000,13.5,0.01,0,0,Spring,No Holiday
871,6,1,2018,69,6,-6.5,67,0.7,1175,-11.6,0,0,0,Winter,No Holiday
1990,21,2,2018,345,21,-1.6,52,2.2,2000,-10.1,0,0,0,Winter,No Holiday
8503,20,11,2018,369,6,0.7,50,1,2000,-8.5,0,0,0,Autumn,No Holiday
1553,3,2,2018,205,16,-4.2,31,3.5,1974,-18.8,1.42,0,0,Winter,No Holiday
4048,18,5,2018,906,15,16.7,85,1.2,2000,14.1,0.49,0,0,Spring,No Holiday
179,8,12,2017,261,10,-5.3,44,2.8,1516,-15.6,0.63,0,0,Winter,No Holiday
5932,5,8,2018,401,3,27.3,84,1.7,1089,24.3,0,0,0,Summer,No Holiday
1433,29,1,2018,195,16,-5.5,28,4.3,1926,-21.1,0.78,0,0,Winter,No Holiday
1739,11,2,2018,130,10,-6.9,21,3.4,1827,-25.6,1.16,0,0,Winter,No Holiday
6883,13,9,2018,3146,18,26.7,56,1.8,2000,17.1,0.47,0,0,Autumn,No Holiday
6674,5,9,2018,748,1,20.9,66,1.1,2000,14.3,0,0,0,Autumn,No Holiday
967,10,1,2018,84,6,-7.7,74,1.1,2000,-11.5,0,0,0.8,Winter,No Holiday
5694,26,7,2018,306,5,27.4,78,0.8,1301,23.2,0,0,0,Summer,No Holiday
6073,11,8,2018,1022,0,29.8,63,2,2000,21.9,0,0,0,Summer,No Holiday
5943,5,8,2018,639,14,33.3,55,4.7,1921,23,3.05,0,0,Summer,No Holiday
6840,11,9,2018,1240,23,20.9,53,1.8,2000,10.9,0,0,0,Autumn,No Holiday
7916,26,10,2018,1228,19,12.9,66,2.5,1997,6.6,0,0,0,Autumn,No Holiday
7426,6,10,2018,5,9,16.7,97,2.9,550,16.2,0.05,6,0,Autumn,No Holiday
5140,3,7,2018,233,3,22.8,98,0,1734,22.4,0,0,0,Summer,No Holiday
6290,20,8,2018,527,1,26.6,64,0.2,2000,19.2,0,0,0,Summer,No Holiday
8143,5,11,2018,448,6,7.2,83,0.8,636,4.4,0,0,0,Autumn,No Holiday
7763,20,10,2018,997,10,13,49,0.5,1685,2.5,1.61,0,0,Autumn,No Holiday
3470,24,4,2018,923,13,15.9,53,2.1,2000,6.3,1.54,0,0,Spring,No Holiday
6282,19,8,2018,1721,17,32.7,33,2.5,1994,14.3,1.18,0,0,Summer,No Holiday
1702,9,2,2018,243,21,2.9,63,1,786,-3.4,0,0,0,Winter,No Holiday
59,3,12,2017,200,10,4.4,89,2.2,257,2.7,0.24,0,0,Winter,No Holiday
6043,9,8,2018,1850,18,28.1,86,2.3,1244,25.5,0.28,0.5,0,Summer,No Holiday
2446,12,3,2018,771,21,8.7,49,1.7,464,-1.4,0,0,0,Spring,No Holiday
5954,6,8,2018,455,1,28.7,80,1.5,1295,24.8,0,0,0,Summer,No Holiday
4208,25,5,2018,1250,7,14.4,66,1.1,704,8.1,0.42,0,0,Spring,No Holiday
7946,28,10,2018,531,1,6.9,55,1.8,2000,-1.5,0,0,0,Autumn,No Holiday
45,2,12,2017,359,20,4.6,51,1.2,1585,-4.6,0,0,0,Winter,No Holiday
5729,27,7,2018,905,16,35,55,2.8,835,24.6,1.56,0,0,Summer,No Holiday
2717,24,3,2018,122,4,5.1,54,1.2,550,-3.4,0,0,0,Spring,No Holiday
7667,16,10,2018,854,10,14.4,45,0.6,1206,2.6,1.28,0,0,Autumn,No Holiday
5916,4,8,2018,655,11,33.4,52,2.8,1462,22.1,2.19,0,0,Summer,No Holiday
7896,25,10,2018,919,23,12.5,59,0.8,1602,4.6,0,0,0,Autumn,No Holiday
753,1,1,2018,89,8,-5,55,1,2000,-12.6,0,0,0,Winter,Holiday
8560,22,11,2018,716,15,6.9,31,2.9,1982,-9.1,1.21,0,0,Autumn,No Holiday
2703,23,3,2018,758,14,12.4,33,2.9,811,-3.4,2.71,0,0,Spring,No Holiday
6313,21,8,2018,898,0,28.3,59,3.7,1945,19.5,0,0,0,Summer,No Holiday
1878,17,2,2018,14,5,-5.7,31,2.3,1999,-20.1,0,0,0,Winter,Holiday
5536,19,7,2018,827,15,33.7,41,2.5,1924,18.6,3.04,0,0,Summer,No Holiday
79,4,12,2017,200,6,1.2,76,3.7,371,-2.5,0,0.1,0,Winter,No Holiday
5582,21,7,2018,727,13,35.2,34,1.8,1636,16.9,3.21,0,0,Summer,No Holiday
1411,28,1,2018,157,18,-4.9,35,3.7,2000,-18,0.04,0,0,Winter,No Holiday
1814,14,2,2018,349,13,7.2,65,3.8,773,1,0.61,0,0,Winter,No Holiday
1484,31,1,2018,270,19,-2.2,36,2.2,2000,-15.2,0,0,1.6,Winter,No Holiday
551,23,12,2017,282,22,5.3,79,0.6,200,1.9,0,0,0,Winter,No Holiday
4619,11,6,2018,992,10,23.7,47,1.3,2000,11.7,2.67,0,0,Summer,No Holiday
8368,14,11,2018,1063,15,15.9,30,0.7,1823,-1.6,1.34,0,0,Autumn,No Holiday
1233,21,1,2018,115,8,-3.6,53,0.5,1227,-11.8,0,0,0,Winter,No Holiday
7738,19,10,2018,1191,9,11.1,53,1,2000,1.8,1.05,0,0,Autumn,No Holiday
5887,3,8,2018,544,6,30.5,62,1.3,1583,22.3,0.01,0,0,Summer,No Holiday
4798,18,6,2018,1702,21,23.8,48,2,2000,12.1,0,0,0,Summer,No Holiday
1969,21,2,2018,171,0,-1.4,28,3.4,1990,-17.6,0,0,0,Winter,No Holiday
7174,25,9,2018,1565,21,18.5,48,1,2000,7.2,0,0,0,Autumn,Holiday
2370,9,3,2018,834,17,8.9,46,1.8,789,-2.1,1,0,0,Spring,No Holiday
8497,20,11,2018,478,0,3.8,42,1.7,1458,-7.9,0,0,0,Autumn,No Holiday
6723,7,9,2018,259,2,21.3,76,2.2,1559,16.8,0,0.5,0,Autumn,No Holiday
7209,27,9,2018,2129,8,14.8,51,1.1,2000,4.7,0.59,0,0,Autumn,No Holiday
6369,23,8,2018,1678,8,28.1,58,1.3,2000,19,0.14,0,0,Summer,No Holiday
1324,25,1,2018,32,3,-16,40,1.9,2000,-26.5,0,0,0.7,Winter,No Holiday
5845,1,8,2018,569,12,36.8,39,1.3,1944,20.5,2.8,0,0,Summer,No Holiday
877,6,1,2018,283,12,0,35,2.3,1672,-13.6,1.07,0,0,Winter,No Holiday
240,10,12,2017,148,23,-1.4,43,4.3,2000,-12.3,0,0,0,Winter,No Holiday
2594,19,3,2018,38,1,6.7,84,0.8,320,4.1,0,0,0,Spring,No Holiday
1263,22,1,2018,249,14,3.3,73,0.4,744,-1,0.11,0,0,Winter,No Holiday
6120,12,8,2018,707,23,28.7,81,0.4,1586,25.1,0,0,0,Summer,No Holiday
2037,23,2,2018,295,20,6.4,77,2.8,316,2.6,0,0,0,Winter,No Holiday
2181,1,3,2018,246,20,-2.2,49,3.5,1325,-11.4,0,0,0,Spring,Holiday
93,4,12,2017,398,20,-3.6,38,3,2000,-15.8,0,0,0,Winter,No Holiday
6559,31,8,2018,436,6,22.9,83,0,1239,19.8,0,0,0,Summer,No Holiday
3716,4,5,2018,1890,19,15.5,46,2.6,1782,3.9,0.34,0,0,Spring,No Holiday
6413,25,8,2018,306,4,23.2,79,1.8,1941,19.3,0,0,0,Summer,No Holiday
2057,24,2,2018,509,16,5.9,21,3,1864,-14.8,1.34,0,0,Winter,No Holiday
8462,18,11,2018,905,13,9.9,37,2.1,1900,-4.1,1.32,0,0,Autumn,No Holiday
2812,28,3,2018,150,3,10.9,79,0.8,383,7.3,0,0,0,Spring,No Holiday
5317,10,7,2018,1035,12,24.1,80,0.8,2000,20.4,0.72,0,0,Summer,No Holiday
8515,20,11,2018,1857,18,9.1,31,2,1932,-7.1,0,0,0,Autumn,No Holiday
2942,2,4,2018,818,13,21.9,48,2.5,1113,10.3,2.14,0,0,Spring,No Holiday
8367,14,11,2018,1001,14,16.1,32,1.4,1703,-0.6,1.8,0,0,Autumn,No Holiday
6977,17,9,2018,1445,16,27.6,37,2.8,1935,11.5,1.9,0,0,Autumn,No Holiday
2604,19,3,2018,393,11,10.2,65,3.3,2000,3.9,0.57,0,0,Spring,No Holiday
8305,12,11,2018,456,0,5.4,64,0.8,2000,-0.8,0,0,0,Autumn,No Holiday
1157,18,1,2018,50,4,3.3,80,2.1,232,0.1,0,0,0,Winter,No Holiday
1398,28,1,2018,21,5,-7.5,33,1.5,2000,-21,0,0,0,Winter,No Holiday
1570,4,2,2018,97,9,-12.4,51,3.8,1415,-20.4,0.38,0,0,Winter,No Holiday
675,29,12,2017,210,2,0.5,63,1,691,-5.7,0,0,0,Winter,No Holiday
2151,28,2,2018,17,14,5.7,80,3.7,348,2.5,0.13,0,0,Winter,No Holiday
15,1,12,2017,447,14,3,26,2,2000,-14.6,1.01,0,0,Winter,No Holiday
8723,29,11,2018,595,10,3.9,28,0.6,1627,-12.9,0.49,0,0,Autumn,No Holiday
1392,27,1,2018,103,23,-7.6,42,1.2,1760,-18.3,0,0,0,Winter,No Holiday
3459,24,4,2018,68,2,10.1,83,1.4,2000,7.3,0,0.1,0,Spring,No Holiday
5237,7,7,2018,331,4,20,63,1.8,2000,12.7,0,0,0,Summer,No Holiday
1676,8,2,2018,378,19,-1.8,35,1.4,1558,-15.2,0,0,0,Winter,No Holiday
7613,14,10,2018,185,4,7.9,76,1.3,771,3.9,0,0,0,Autumn,No Holiday
7170,25,9,2018,2033,17,22.9,33,1.4,2000,5.7,0.83,0,0,Autumn,Holiday
1093,15,1,2018,311,12,6.2,64,1.9,549,-0.1,0.79,0,0,Winter,No Holiday
1280,23,1,2018,211,7,-12.5,41,4.5,2000,-23,0,0,1,Winter,No Holiday
4049,18,5,2018,1182,16,17,82,1.9,2000,13.8,0.84,0,0,Spring,No Holiday
4935,24,6,2018,1064,14,31.6,34,2.9,1050,13.8,3.12,0,0,Summer,No Holiday
3451,23,4,2018,39,18,9.4,96,1.9,600,8.7,0.07,1,0,Spring,No Holiday
408,17,12,2017,138,23,-6.9,53,0.7,2000,-14.8,0,0,0,Winter,No Holiday
3672,2,5,2018,294,23,9.5,90,3.6,1017,7.9,0,1,0,Spring,No Holiday
8326,12,11,2018,1189,21,8.5,50,0.5,1707,-1.3,0,0,0,Autumn,No Holiday
3112,9,4,2018,1038,15,14.2,24,1.8,1743,-6.1,2.6,0,0,Spring,No Holiday
5555,20,7,2018,641,10,29.8,59,1.2,973,20.9,2.32,0,0,Summer,No Holiday
1284,23,1,2018,184,11,-11.7,27,4,1935,-26.9,0.94,0,1,Winter,No Holiday
3915,13,5,2018,189,2,14.5,97,2.9,359,14,0,0.1,0,Spring,No Holiday
7413,5,10,2018,44,20,16.5,96,2.7,1047,15.8,0,1,0,Autumn,No Holiday
932,8,1,2018,127,19,0.9,88,1.6,290,-0.8,0,0,0.5,Winter,No Holiday
4658,13,6,2018,1088,1,18.9,77,0.7,1987,14.7,0,0,0,Summer,No Holiday
133,6,12,2017,405,12,2.4,52,0.9,1224,-6.4,1.08,0,0,Winter,No Holiday
2791,27,3,2018,231,6,8.1,66,0.6,415,2.1,0,0,0,Spring,No Holiday
5808,30,7,2018,1202,23,31.7,52,1.2,2000,20.6,0,0,0,Summer,No Holiday
35,2,12,2017,334,10,-0.4,57,1.6,1309,-7.8,0.8,0,0,Winter,No Holiday
4205,25,5,2018,188,4,14.8,71,0.4,700,9.5,0,0,0,Spring,No Holiday
3446,23,4,2018,11,13,9.3,95,2.3,419,8.5,0.4,2.5,0,Spring,No Holiday
5522,19,7,2018,824,1,25.4,79,0.8,924,21.4,0,0,0,Summer,No Holiday
2157,28,2,2018,8,20,2.7,96,1.5,1479,2.1,0,0,0,Winter,No Holiday
3208,13,4,2018,1108,15,18.6,15,0.9,1991,-8.5,0.81,0,0,Spring,No Holiday
4412,2,6,2018,2337,19,25.4,33,2.7,2000,7.9,0.54,0,0,Summer,No Holiday
5138,3,7,2018,407,1,23.1,98,0,958,22.7,0,0,0,Summer,No Holiday
4098,20,5,2018,2310,17,22.4,23,2.4,2000,0.2,1.89,0,0,Spring,No Holiday
1542,3,2,2018,31,5,-6.3,65,3.9,1521,-11.8,0,0,0.3,Winter,No Holiday
190,8,12,2017,336,21,-3.3,35,0.5,2000,-16.6,0,0,0,Winter,No Holiday
6469,27,8,2018,137,12,22.6,90,1.4,1963,20.8,1.02,1,0,Summer,No Holiday
4606,10,6,2018,2026,21,22.1,55,1.5,2000,12.6,0,0,0,Summer,No Holiday
8022,31,10,2018,141,5,4.1,74,0.9,2000,-0.1,0,0,0,Autumn,No Holiday
4731,16,6,2018,764,2,17.9,60,0.8,2000,10,0,0,0,Summer,No Holiday
374,16,12,2017,296,13,-3.7,23,4,1980,-21.8,1.12,0,0,Winter,No Holiday
5054,29,6,2018,1117,13,26.8,65,2,732,19.6,2.37,0,0,Summer,No Holiday
1229,21,1,2018,73,4,-2.3,47,0.7,984,-12.1,0,0,0,Winter,No Holiday
7145,24,9,2018,1433,16,22,31,2.7,2000,4,1.87,0,0,Autumn,Holiday
2461,13,3,2018,626,12,15.5,47,3.3,1303,4.2,2.44,0,0,Spring,No Holiday
2421,11,3,2018,530,20,6.7,32,1.9,1722,-8.8,0,0,0,Spring,No Holiday
1499,1,2,2018,168,10,-5,41,0.5,1799,-16.2,0.64,0,1.5,Winter,No Holiday
6172,15,8,2018,474,3,29.1,70,0.3,1952,23,0,0,0,Summer,Holiday
2147,28,2,2018,285,10,6.5,53,2,518,-2.4,0.21,0,0,Winter,No Holiday
4385,1,6,2018,1488,16,29.9,34,3.2,1912,12.3,2.46,0,0,Summer,No Holiday
4925,24,6,2018,286,4,20.5,90,0.8,223,18.7,0,0,0,Summer,No Holiday
7257,29,9,2018,848,8,15.7,65,1.2,2000,9.1,0.54,0,0,Autumn,No Holiday
3770,7,5,2018,609,1,15.1,84,0.3,1858,12.4,0,0,0,Spring,No Holiday
1683,9,2,2018,107,2,-5.1,47,0.9,1460,-14.6,0,0,0,Winter,No Holiday
4634,12,6,2018,454,1,17.7,92,0.9,1958,16.3,0,0,0,Summer,No Holiday
4044,18,5,2018,352,11,16.6,96,0.7,539,15.9,0.41,0,0,Spring,No Holiday
1678,8,2,2018,268,21,-3.3,42,1.1,1596,-14.4,0,0,0,Winter,No Holiday
7985,29,10,2018,1069,16,11.3,41,3.6,2000,-1.4,0.94,0,0,Autumn,No Holiday
5979,7,8,2018,443,2,27.9,68,0.9,2000,21.4,0,0,0,Summer,No Holiday
1189,19,1,2018,341,12,4.3,28,1.5,1858,-12.6,0.98,0,0,Winter,No Holiday
5389,13,7,2018,1013,12,28.3,68,1.9,1546,21.8,1.35,0,0,Summer,No Holiday
5348,11,7,2018,2328,19,28.2,72,1.6,1745,22.6,0.13,0,0,Summer,No Holiday
2088,25,2,2018,173,23,-0.3,58,1,1945,-7.5,0,0,0,Winter,No Holiday
878,6,1,2018,356,13,0.9,28,2.4,1895,-15.6,1.18,0,0,Winter,No Holiday
2628,20,3,2018,488,11,8.4,34,3.6,1966,-6.5,2.36,0,0,Spring,No Holiday
796,3,1,2018,67,3,-6.1,45,1.3,1999,-16.1,0,0,0,Winter,No Holiday
4934,24,6,2018,1062,13,30.6,31,2.7,1240,11.5,3.24,0,0,Summer,No Holiday
8325,12,11,2018,1292,20,9,48,1.9,1879,-1.4,0,0,0,Autumn,No Holiday
3545,27,4,2018,1446,16,23.2,33,2.4,869,6,2.12,0,0,Spring,No Holiday
7358,3,10,2018,1849,13,22.5,40,2.6,1854,8.2,2.64,0,0,Autumn,Holiday
6791,9,9,2018,1291,22,21.8,54,1.6,2000,12,0,0,0,Autumn,No Holiday
4299,29,5,2018,466,2,20.2,56,2.3,1498,0,0,0,0,Spring,No Holiday
1369,27,1,2018,80,0,-15,42,1.2,1766,-25,0,0,0.3,Winter,No Holiday
1978,21,2,2018,373,9,-3.8,28,1.7,1904,-19.6,0.63,0,0,Winter,No Holiday
7151,24,9,2018,958,22,16.6,47,3.9,2000,5.2,0,0,0,Autumn,Holiday
16,1,12,2017,463,15,2.1,36,3.2,2000,-11.4,0.54,0,0,Winter,No Holiday
3431,22,4,2018,13,22,11.6,89,2,469,9.8,0,4,0,Spring,No Holiday
2700,23,3,2018,584,11,7.1,50,1.7,799,-2.6,2.24,0,0,Spring,No Holiday
3764,6,5,2018,1639,19,19,70,0.7,2000,13.3,0.33,0,0,Spring,No Holiday
6380,23,8,2018,582,19,30,59,2.2,1970,21.1,0.01,0,0,Summer,No Holiday
2779,26,3,2018,1477,18,16,33,2.9,1138,-0.2,0.6,0,0,Spring,No Holiday
4696,14,6,2018,1292,15,24.6,57,1.8,1664,15.5,1.54,0,0,Summer,No Holiday
3304,17,4,2018,1120,15,19.9,26,3.5,1628,-0.1,2.8,0,0,Spring,No Holiday
1018,12,1,2018,196,9,-14.9,40,1.2,1999,-25.5,0.16,0,0,Winter,No Holiday
469,20,12,2017,209,12,-3.2,49,1.3,1723,-12.4,0.53,0,1.9,Winter,No Holiday
4248,26,5,2018,1330,23,20.7,63,0.8,1130,13.3,0,0,0,Spring,No Holiday
5117,2,7,2018,58,4,20.8,97,1,2000,20.3,0,4,0,Summer,No Holiday
2546,17,3,2018,366,1,3,52,0.7,2000,-5.9,0,0,0,Spring,No Holiday
1061,14,1,2018,48,4,-4,79,1.2,453,-7.1,0,0,0,Winter,No Holiday
285,12,12,2017,260,20,-8.4,42,1,2000,-19,0,0,0,Winter,No Holiday
2734,24,3,2018,487,21,6.7,84,2.8,193,4.1,0,0,0,Spring,No Holiday
1133,17,1,2018,55,4,3,68,0.5,322,-2.3,0,0,0,Winter,No Holiday
7117,23,9,2018,915,12,20.8,52,1.2,1984,10.5,1.25,0,0,Autumn,Holiday
8159,5,11,2018,1215,22,11.6,81,1.2,336,8.4,0,0,0,Autumn,No Holiday
6367,23,8,2018,492,6,28.3,55,1.5,2000,18.3,0,0,0,Summer,No Holiday
345,15,12,2017,658,8,-6.6,64,1.1,791,-12.2,0,0,0,Winter,No Holiday
7141,24,9,2018,754,12,20.3,34,2.6,2000,3.9,2.85,0,0,Autumn,Holiday
5190,5,7,2018,326,5,23.5,80,0.3,838,19.8,0,0,0,Summer,No Holiday
8418,16,11,2018,1346,17,11,70,2.9,617,5.7,0.12,0,0,Autumn,No Holiday
472,20,12,2017,240,15,-0.2,45,1,1852,-10.7,0.41,0,1.6,Winter,No Holiday
7936,27,10,2018,1254,15,11.4,32,3.8,2000,-4.7,1.21,0,0,Autumn,No Holiday
5155,3,7,2018,2965,18,32.2,57,1.8,1880,22.5,1.53,0,0,Summer,No Holiday
3869,11,5,2018,154,4,11.9,85,0.7,315,9.4,0,0,0,Spring,No Holiday
3177,12,4,2018,1789,8,8.9,48,1.1,1444,-1.5,0.69,0,0,Spring,No Holiday
1309,24,1,2018,121,12,-12.2,26,4,2000,-27.8,1.17,0,0.9,Winter,No Holiday
8199,7,11,2018,767,14,15.5,68,1.4,693,9.6,1.15,0,0,Autumn,No Holiday
2891,31,3,2018,618,10,14.7,53,0.9,831,5.2,1.59,0,0,Spring,No Holiday
7561,12,10,2018,706,0,8.2,61,1.3,2000,1.1,0,0,0,Autumn,No Holiday
2945,2,4,2018,1218,16,23,47,4.1,1417,11,2,0,0,Spring,No Holiday
8219,8,11,2018,17,10,10.8,94,1.8,578,9.8,0.15,0,0,Autumn,No Holiday
2384,10,3,2018,208,7,0.9,78,1.1,535,-2.5,0,0,0,Spring,No Holiday
4396,2,6,2018,475,3,18.9,63,1.5,1007,11.6,0,0,0,Summer,No Holiday
2107,26,2,2018,929,18,7.2,26,2.3,1398,-11,0.33,0,0,Winter,No Holiday
3986,16,5,2018,502,1,24.1,67,0.5,686,17.5,0,0,0,Spring,No Holiday
2502,15,3,2018,8,5,14.5,94,2,487,13.5,0,0,0,Spring,No Holiday
2093,26,2,2018,46,4,-2.3,69,1.1,1411,-7.2,0,0,0,Winter,No Holiday
3320,18,4,2018,1083,7,6.4,51,1,1398,-3,0.19,0,0,Spring,No Holiday
6144,13,8,2018,1086,23,29.6,63,0.1,2000,21.8,0,0,0,Summer,No Holiday
3107,9,4,2018,506,10,5.2,73,1,668,0.7,2.08,0,0,Spring,No Holiday
4128,21,5,2018,1273,23,16.3,70,0.7,1293,10.8,0,0,0,Spring,No Holiday
7883,25,10,2018,779,10,13.4,53,1.1,1768,4,1.53,0,0,Autumn,No Holiday
787,2,1,2018,675,18,-0.8,24,2.3,2000,-18.9,0.01,0,0,Winter,No Holiday
4850,21,6,2018,794,1,20.1,82,1.2,582,16.9,0,0,0,Summer,No Holiday
2306,7,3,2018,194,1,2.8,46,2,1709,-7.6,0,0,0,Spring,No Holiday
8632,25,11,2018,846,15,9.5,54,1.3,675,0.6,0.76,0,1.1,Autumn,No Holiday
583,25,12,2017,59,6,-4.1,50,3,2000,-13,0,0,0,Winter,Holiday
8328,12,11,2018,702,23,6.9,60,0.8,1610,-0.3,0,0,0,Autumn,No Holiday
3370,20,4,2018,962,9,15.8,42,0.9,683,2.8,1.37,0,0,Spring,No Holiday
4006,16,5,2018,398,21,21.8,97,1.3,160,21.2,0,0.5,0,Spring,No Holiday
7127,23,9,2018,1074,22,18.5,40,2.5,2000,4.6,0,0,0,Autumn,Holiday
2388,10,3,2018,497,11,5.7,58,2.3,700,-1.9,2.08,0,0,Spring,No Holiday
2559,17,3,2018,1294,14,12.1,29,2.3,1734,-5.4,2.26,0,0,Spring,No Holiday
884,6,1,2018,207,19,-1.2,37,1.2,1663,-14,0,0,0,Winter,No Holiday
3660,2,5,2018,206,11,18,85,1.1,411,15.4,0.45,0,0,Spring,No Holiday
5014,27,6,2018,2200,21,23.3,71,1.3,1145,17.7,0,0,0,Summer,No Holiday
8450,18,11,2018,443,1,3.2,54,1.2,1968,-5.2,0,0,0,Autumn,No Holiday
2167,1,3,2018,33,6,3,96,2.7,303,2.4,0,0.4,0,Spring,Holiday
716,30,12,2017,40,19,2.3,89,0.6,96,0.6,0,0,0,Winter,No Holiday
5143,3,7,2018,600,6,22.6,95,0.1,1937,21.7,0.05,0,0,Summer,No Holiday
5744,28,7,2018,428,7,28.4,82,0.7,748,25,0.16,0,0,Summer,No Holiday
8204,7,11,2018,1176,19,13.8,81,1.5,760,10.5,0,0,0,Autumn,No Holiday
5352,11,7,2018,1298,23,26.9,79,0.1,1541,22.9,0,0,0,Summer,No Holiday
4145,22,5,2018,86,16,19.5,80,1.2,553,15.9,0.53,0.4,0,Spring,Holiday
5061,29,6,2018,2339,20,26.2,70,1.5,792,20.2,0.12,0,0,Summer,No Holiday
4242,26,5,2018,1886,17,27.9,34,3.8,1259,10.5,1.73,0,0,Spring,No Holiday
2420,11,3,2018,596,19,7.8,28,1.9,1982,-9.6,0.04,0,0,Spring,No Holiday
613,26,12,2017,262,12,-1.3,23,4,2000,-19.8,1.09,0,0,Winter,No Holiday
4404,2,6,2018,1094,11,27.3,35,2.3,1537,10.4,2.98,0,0,Summer,No Holiday
1734,11,2,2018,19,5,-7.8,39,2.8,2000,-19.3,0,0,0,Winter,No Holiday
8221,8,11,2018,17,12,11.4,95,2.5,792,10.6,0.44,5.5,0,Autumn,No Holiday
2142,28,2,2018,62,5,5.2,59,1.7,437,-2.1,0,0,0,Winter,No Holiday
5877,2,8,2018,1480,20,33.9,58,2.4,1519,24.4,0.04,0,0,Summer,No Holiday
1637,7,2,2018,34,4,-13.1,54,0.7,1369,-20.4,0,0,0,Winter,No Holiday
4548,8,6,2018,1095,11,21.9,64,2.4,1359,14.7,1.03,0,0,Summer,No Holiday
3308,17,4,2018,1356,19,14.5,31,3.1,1558,-2.4,0.25,0,0,Spring,No Holiday
504,21,12,2017,212,23,-1.5,79,0.6,821,-4.6,0,0,0.8,Winter,No Holiday
3658,2,5,2018,609,9,17.4,94,0.7,230,16.4,0.16,0,0,Spring,No Holiday
2265,5,3,2018,184,8,3.6,88,2.3,2000,1.7,0.03,0,0,Spring,No Holiday
8489,19,11,2018,968,16,9.7,43,2.7,1012,-2.2,0.37,0,0,Autumn,No Holiday
3109,9,4,2018,799,12,10.4,44,1.7,1235,-1.3,2.93,0,0,Spring,No Holiday
3244,15,4,2018,183,3,6.4,83,2.3,1158,3.7,0,0,0,Spring,No Holiday
7857,24,10,2018,2108,8,8.1,85,1.2,772,5.7,0.26,0,0,Autumn,No Holiday
1132,17,1,2018,75,3,3,67,0.8,297,-2.5,0,0,0,Winter,No Holiday
8426,17,11,2018,597,1,3.4,76,0.5,909,-0.4,0,0,0,Autumn,No Holiday
2481,14,3,2018,1371,8,14.2,67,0.9,1812,8.1,0.06,0,0,Spring,No Holiday
6226,17,8,2018,1069,9,25.5,40,2.6,1990,10.8,1.7,0,0,Summer,No Holiday
3006,5,4,2018,18,5,8.3,81,2,1060,5.2,0,0.1,0,Spring,No Holiday
2245,4,3,2018,358,12,10.7,85,0.9,393,8.2,0.52,0,0,Spring,No Holiday
6689,5,9,2018,1446,16,28.2,37,4,1987,12.1,2.03,0,0,Autumn,No Holiday
3449,23,4,2018,41,16,9.6,96,1.7,1409,8.9,0.23,1,0,Spring,No Holiday
6244,18,8,2018,483,3,23,54,1,1818,13.1,0,0,0,Summer,No Holiday
3384,20,4,2018,891,23,17.3,57,0.6,807,8.6,0,0,0,Spring,No Holiday
6002,8,8,2018,700,1,28.5,80,1.5,1306,24.7,0,0,0,Summer,No Holiday
4567,9,6,2018,381,6,19,84,0.5,440,16.2,0.05,0,0,Summer,No Holiday
4170,23,5,2018,2069,17,22.4,39,3.2,1943,7.7,1.9,0,0,Spring,No Holiday
6890,14,9,2018,775,1,21.6,75,1.1,1671,16.9,0,0,0,Autumn,No Holiday
4828,20,6,2018,340,3,19.4,79,0.8,563,15.6,0,0,0,Summer,No Holiday
3598,29,4,2018,1382,21,16.1,44,1.2,913,3.8,0,0,0,Spring,No Holiday
310,13,12,2017,271,21,-8.3,39,1,2000,-19.8,0,0,0,Winter,No Holiday
5912,4,8,2018,405,7,29.4,62,1.9,1758,21.3,0.24,0,0,Summer,No Holiday
5928,4,8,2018,1155,23,28.2,78,2.5,1678,23.9,0,0,0,Summer,No Holiday
143,6,12,2017,222,22,1.3,92,0.6,233,0.1,0,0,1,Winter,No Holiday
2786,27,3,2018,278,1,8.7,70,0.9,398,3.5,0,0,0,Spring,No Holiday
6398,24,8,2018,274,13,25.8,78,2.8,2000,21.6,0.95,0,0,Summer,No Holiday
7353,3,10,2018,762,8,11.8,73,1,1649,7.1,0.49,0,0,Autumn,Holiday
4441,4,6,2018,938,0,21.4,45,1.4,1964,8.9,0,0,0,Summer,No Holiday
5631,23,7,2018,670,14,34.3,45,2.2,1967,20.6,1.64,0,0,Summer,No Holiday
398,17,12,2017,223,13,-4.5,25,3.2,1989,-21.6,1.14,0,0,Winter,No Holiday
1052,13,1,2018,167,19,-3.3,76,0.8,633,-6.9,0,0,0,Winter,No Holiday
1573,4,2,2018,165,12,-8.3,32,1.8,1295,-22.1,1.99,0,0,Winter,No Holiday
61,3,12,2017,333,12,5.8,85,1.7,349,3.4,0.43,0,0,Winter,No Holiday
6724,7,9,2018,259,3,21.1,75,1.8,1551,16.4,0,0,0,Autumn,No Holiday
7307,1,10,2018,856,10,16.3,47,3.6,1815,4.9,1.93,0,0,Autumn,No Holiday
2933,2,4,2018,86,4,15.7,79,1.2,628,12,0,0,0,Spring,No Holiday
3047,6,4,2018,499,22,3.9,68,3,737,-1.4,0,0,0,Spring,No Holiday
3170,12,4,2018,374,1,8.9,40,2.1,2000,-3.9,0,0,0,Spring,No Holiday
8756,30,11,2018,1003,19,4.2,34,2.6,1894,-10.3,0,0,0,Autumn,No Holiday
578,25,12,2017,132,1,-1.2,57,4.3,1429,-8.6,0,0,0,Winter,Holiday
860,5,1,2018,443,19,-2.5,49,0.6,1436,-11.7,0,0,0,Winter,No Holiday
1807,14,2,2018,108,6,1.1,66,0.9,1550,-4.5,0,0,0,Winter,No Holiday
4169,23,5,2018,1563,16,23,33,4.2,1880,5.8,2.57,0,0,Spring,No Holiday
5982,7,8,2018,273,5,27.1,69,0.9,2000,20.9,0,0,0,Summer,No Holiday
5825,31,7,2018,763,16,37,38,1.2,2000,20.3,2.07,0,0,Summer,No Holiday
5790,30,7,2018,273,5,26.4,62,0.6,2000,18.5,0,0,0,Summer,No Holiday
4719,15,6,2018,1027,14,26.4,43,2.1,1944,12.8,3.23,0,0,Summer,No Holiday
3206,13,4,2018,973,13,19,15,1.4,2000,-8.2,2.02,0,0,Spring,No Holiday
6656,4,9,2018,1289,7,20.1,97,1.9,443,19.6,0.03,0,0,Autumn,No Holiday
8696,28,11,2018,796,7,2.5,24,0.2,1306,-16,0,0,0,Autumn,No Holiday
6320,21,8,2018,608,7,23.4,94,2.4,1773,22.3,0.02,2,0,Summer,No Holiday
2313,7,3,2018,1032,8,2.6,63,1.6,1857,-3.7,0.14,0,0,Spring,No Holiday
6805,10,9,2018,1095,12,26.7,40,1.4,2000,11.9,2.92,0,0,Autumn,No Holiday
3306,17,4,2018,1632,17,18.3,29,4.3,1626,0,1.61,0,0,Spring,No Holiday
4636,12,6,2018,206,3,17.5,87,0.5,1995,15.3,0,0,0,Summer,No Holiday
1815,14,2,2018,398,14,7.8,57,3.5,675,-0.2,1.34,0,0,Winter,No Holiday
7767,20,10,2018,1649,14,20,22,1.6,1950,-2.3,2.29,0,0,Autumn,No Holiday
64,3,12,2017,621,15,8,73,1.6,433,3.4,0.53,0,0,Winter,No Holiday
5113,2,7,2018,26,0,21.4,97,0.6,680,20.8,0,2.5,0,Summer,No Holiday
8527,21,11,2018,299,6,6.7,86,0.3,593,4.5,0,0,0,Autumn,No Holiday
1005,11,1,2018,177,20,-11.6,49,1.8,1953,-20.1,0,0,0,Winter,No Holiday
3533,27,4,2018,140,4,10.2,65,1.5,970,3.9,0,0,0,Spring,No Holiday
4607,10,6,2018,1634,22,21.5,55,1.8,2000,12,0,0,0,Summer,No Holiday
372,16,12,2017,239,11,-5.2,30,4,1991,-20.1,0.86,0,0,Winter,No Holiday
8203,7,11,2018,1347,18,14.4,77,1,912,10.4,0,0,0,Autumn,No Holiday
4707,15,6,2018,403,2,20.1,67,1.1,2000,13.7,0,0.1,0,Summer,No Holiday
4007,16,5,2018,399,22,21.9,97,1.5,164,21.3,0,0,0,Spring,No Holiday
7926,27,10,2018,146,5,8,65,1.6,2000,1.8,0,0,0,Autumn,No Holiday
7531,10,10,2018,2514,18,12.2,45,3.1,2000,0.5,0.16,0,0,Autumn,No Holiday
1383,27,1,2018,193,14,-4.1,25,2,1730,-21.2,1.2,0,0.2,Winter,No Holiday
8297,11,11,2018,616,16,9.9,59,1.3,578,2.2,0.1,0,0,Autumn,No Holiday
4614,11,6,2018,324,5,18.8,61,1.2,2000,11.1,0,0,0,Summer,No Holiday
4753,17,6,2018,1394,0,21.5,76,1.4,1015,17,0,0,0,Summer,No Holiday
2531,16,3,2018,507,10,6.7,46,2.2,1936,-4.1,1.79,0,0,Spring,No Holiday
4011,17,5,2018,78,2,21.8,97,1.3,175,21.2,0,1,0,Spring,No Holiday
683,29,12,2017,252,10,1.9,65,0.3,562,-3.9,0.17,0,0,Winter,No Holiday
8408,16,11,2018,939,7,6.6,64,0.5,701,0.2,0,0,0,Autumn,No Holiday
3974,15,5,2018,1080,13,27.8,34,1.5,1306,10.4,3.14,0,0,Spring,No Holiday
1389,27,1,2018,117,20,-7.6,36,1.7,1858,-20.1,0,0,0,Winter,No Holiday
8206,7,11,2018,1062,21,13.5,75,0.8,1275,9.1,0,0,0,Autumn,No Holiday
1847,15,2,2018,145,22,-1.9,30,0.8,2000,-17.2,0,0,0,Winter,Holiday
5256,7,7,2018,1416,23,21.7,51,1.7,2000,11.1,0,0,0,Summer,No Holiday
6600,1,9,2018,1523,23,24.4,54,1.6,2000,14.4,0,0,0,Autumn,No Holiday
302,13,12,2017,251,13,-5.8,28,2.9,1887,-21.4,1.23,0,0,Winter,No Holiday
1759,12,2,2018,109,6,-9.5,36,1.5,2000,-21.8,0,0,0,Winter,No Holiday
3013,5,4,2018,70,12,7.3,95,2.2,676,6.5,0.3,0.5,0,Spring,No Holiday
6213,16,8,2018,2114,20,27.9,47,1.9,2000,15.5,0.01,0,0,Summer,No Holiday
7840,23,10,2018,1010,15,16.6,68,1.5,955,10.6,1.55,0,0,Autumn,No Holiday
7769,20,10,2018,1813,16,20.9,20,2,1976,-2.9,1.35,0,0,Autumn,No Holiday
7435,6,10,2018,2012,18,20.5,66,1.2,2000,13.9,0.16,0,0,Autumn,No Holiday
7789,21,10,2018,1417,12,18.4,28,1.9,1690,-0.4,2.33,0,0,Autumn,No Holiday
4187,24,5,2018,880,10,19.9,27,2.7,1775,0.3,2.44,0,0,Spring,No Holiday
478,20,12,2017,197,21,-2,83,1.2,904,-4.5,0,0.1,2.4,Winter,No Holiday
5254,7,7,2018,2235,21,23.4,52,1.4,2000,12.9,0,0,0,Summer,No Holiday
567,24,12,2017,28,14,3.3,90,2.5,561,1.8,0.19,0,0,Winter,Holiday
963,10,1,2018,63,2,-5.7,72,1.2,1925,-9.9,0,0,0.8,Winter,No Holiday
8526,21,11,2018,118,5,6.8,86,0.5,692,4.6,0,0,0,Autumn,No Holiday
8718,29,11,2018,126,5,1.8,34,0.9,1990,-12.4,0,0,0,Autumn,No Holiday
2544,16,3,2018,455,23,4.2,47,1.3,2000,-6.1,0,0,0,Spring,No Holiday
7547,11,10,2018,792,10,10.2,44,2.3,1986,-1.5,1.8,0,0,Autumn,No Holiday
2464,13,3,2018,815,15,18.6,47,3.3,1560,7,2.08,0,0,Spring,No Holiday
707,30,12,2017,208,10,0.8,73,0.5,248,-3.4,0.15,0,0,Winter,No Holiday
6493,28,8,2018,25,12,25.2,89,1.4,340,23.2,0.32,2,0,Summer,No Holiday
2691,23,3,2018,216,2,2.2,80,1.4,615,-0.8,0,0,0,Spring,No Holiday
4086,20,5,2018,160,5,12.1,47,1.6,2000,1.1,0,0,0,Spring,No Holiday
5017,28,6,2018,561,0,22.2,84,1.1,482,19.3,0,0,0,Summer,No Holiday
6467,27,8,2018,104,10,21.7,97,1,1249,21.1,0.29,2.5,0,Summer,No Holiday
450,19,12,2017,256,17,-2.7,35,1.8,2000,-16,0.18,0,2,Winter,No Holiday
3000,4,4,2018,668,23,10.2,58,2.4,2000,2.2,0,0,0,Spring,No Holiday
2731,24,3,2018,736,18,9,76,3,288,4.9,0.45,0,0,Spring,No Holiday
6854,12,9,2018,1066,13,26.8,45,1.8,1984,13.8,2.6,0,0,Autumn,No Holiday
518,22,12,2017,320,13,5.4,55,1.2,820,-2.9,0.66,0,0,Winter,Holiday
3130,10,4,2018,982,9,11.9,35,1.1,1664,-3.1,0.95,0,0,Spring,No Holiday
2533,16,3,2018,705,12,9.4,40,2.6,1913,-3.5,2.78,0,0,Spring,No Holiday
507,22,12,2017,161,2,-1.1,79,0.7,736,-4.2,0,0,0.8,Winter,Holiday
6355,22,8,2018,2528,18,35.4,40,1,2000,19.7,0.34,0,0,Summer,No Holiday
146,7,12,2017,218,1,1.5,92,0.4,227,0.3,0,0,0.9,Winter,No Holiday
1400,28,1,2018,42,7,-8,39,1.9,2000,-19.5,0,0,0,Winter,No Holiday
8458,18,11,2018,457,9,3.5,53,1,1338,-5.2,0.22,0,0,Autumn,No Holiday
5274,8,7,2018,2266,17,27.4,44,1.7,2000,14,1.17,0,0,Summer,No Holiday
2931,2,4,2018,155,2,15.7,81,1.4,694,12.4,0,0,0,Spring,No Holiday
6210,16,8,2018,1384,17,33.8,37,2.2,2000,17,1.74,0,0,Summer,No Holiday
7772,20,10,2018,1407,19,14.6,48,1.9,1998,3.6,0,0,0,Autumn,No Holiday
5678,25,7,2018,783,13,32.3,56,3,1504,22.3,1.74,0,0,Summer,No Holiday
1385,27,1,2018,195,16,-3.7,25,2.6,1839,-20.9,0.74,0,0,Winter,No Holiday
1849,16,2,2018,105,0,-3.3,35,1.8,1977,-16.6,0,0,0,Winter,Holiday
3789,7,5,2018,1912,20,20.9,61,2.7,1523,13,0.01,0,0,Spring,No Holiday
5689,26,7,2018,939,0,27.7,78,1.2,1341,23.5,0,0,0,Summer,No Holiday
2705,23,3,2018,901,16,12.2,24,2.8,1655,-7.8,1.98,0,0,Spring,No Holiday
2795,27,3,2018,462,10,13.9,40,0.8,586,0.5,1.6,0,0,Spring,No Holiday
5643,24,7,2018,487,2,28.6,66,0.9,2000,21.6,0,0,0,Summer,No Holiday
690,29,12,2017,534,17,4.5,59,1.6,384,-2.8,0.14,0,0,Winter,No Holiday
2131,27,2,2018,897,18,6.6,62,0.8,522,-0.1,0.05,0,0,Winter,No Holiday
7160,25,9,2018,262,7,10.8,72,0.9,2000,5.9,0.03,0,0,Autumn,Holiday
8452,18,11,2018,258,3,2.5,49,0.2,2000,-7.1,0,0,0,Autumn,No Holiday
2052,24,2,2018,298,11,2.2,50,2.4,608,-7.1,1.1,0,0,Winter,No Holiday
6267,19,8,2018,611,2,24.5,59,0.3,2000,15.9,0,0,0,Summer,No Holiday
3948,14,5,2018,946,11,18.5,65,1.4,463,11.7,2.07,0,0,Spring,No Holiday
7411,5,10,2018,74,18,16.7,96,1.6,1461,16,0.03,1,0,Autumn,No Holiday
865,6,1,2018,184,0,-4.3,52,1.6,1247,-12.7,0,0,0,Winter,No Holiday
8633,25,11,2018,872,16,9.5,56,1.1,678,1.1,0.54,0,0.8,Autumn,No Holiday
8674,27,11,2018,800,9,5,75,0.3,390,0.9,0.12,0,0,Autumn,No Holiday
405,17,12,2017,166,20,-6,42,0.8,2000,-16.8,0,0,0,Winter,No Holiday
2312,7,3,2018,598,7,2.2,65,1.9,2000,-3.7,0,0,0,Spring,No Holiday
4736,16,6,2018,583,7,17,60,1.1,1993,9.1,0.47,0,0,Summer,No Holiday
5635,23,7,2018,2405,18,33.9,53,3.2,1886,22.9,0.94,0,0,Summer,No Holiday
2119,27,2,2018,183,6,0.6,50,0.4,985,-8.6,0,0,0,Winter,No Holiday
4502,6,6,2018,1444,13,27.3,52,3.1,613,16.5,3.21,0,0,Summer,Holiday
7122,23,9,2018,1591,17,24.1,41,2.4,2000,10,1.17,0,0,Autumn,Holiday
8483,19,11,2018,651,10,7.5,53,0.8,909,-1.4,1,0,0,Autumn,No Holiday
8269,10,11,2018,1034,12,15.1,54,2.2,495,5.8,1.91,0,0,Autumn,No Holiday
2543,16,3,2018,660,22,4.9,46,0.8,2000,-5.7,0,0,0,Spring,No Holiday
3416,22,4,2018,278,7,15,41,0.3,2000,1.8,0.12,0,0,Spring,No Holiday
5430,15,7,2018,223,5,24.5,85,0.7,1345,21.8,0,0,0,Summer,No Holiday
2792,27,3,2018,705,7,8.5,67,0.7,475,2.7,0.02,0,0,Spring,No Holiday
6051,10,8,2018,484,2,26.9,84,0.8,1007,23.9,0,0,0,Summer,No Holiday
786,2,1,2018,373,17,0.3,27,2.6,2000,-16.5,0.18,0,0,Winter,No Holiday
6583,1,9,2018,362,6,20.9,87,0.7,1198,18.6,0,0,0,Autumn,No Holiday
1943,19,2,2018,357,22,1,69,0.7,525,-4,0,0,0,Winter,No Holiday
550,23,12,2017,279,21,5.6,77,0.9,212,1.8,0,0,0,Winter,No Holiday
8520,20,11,2018,378,23,9.3,43,3.5,1807,-2.6,0,0,0,Autumn,No Holiday
1938,19,2,2018,522,17,5.7,36,3,1073,-8.2,0.57,0,0,Winter,No Holiday
136,6,12,2017,412,15,5.5,31,3.1,1968,-10.3,0.72,0,0,Winter,No Holiday
782,2,1,2018,273,13,1.5,23,3.6,1970,-17.4,0.95,0,0,Winter,No Holiday
4140,22,5,2018,1438,11,21.9,55,1.4,1820,12.4,1.87,0,0,Spring,Holiday
5476,17,7,2018,372,3,24.8,80,1,1988,21.1,0,0,0,Summer,No Holiday
1194,19,1,2018,468,17,4.1,34,3.1,1810,-10.3,0.28,0,0,Winter,No Holiday
5937,5,8,2018,309,8,27.5,95,0.7,404,26.6,0.14,1.6,0,Summer,No Holiday
8536,21,11,2018,550,15,5.7,53,2,2000,-3.1,0.22,0,0,Autumn,No Holiday
561,24,12,2017,4,8,4.6,91,1.7,95,3.2,0,0,0,Winter,Holiday
1179,19,1,2018,140,2,-0.3,44,1.7,1295,-11.1,0,0,0,Winter,No Holiday